"Guid","Name","SBQQ__MethodName__c","SBQQ__Version__c"
044ace03-3434-41d0-b20e-0f95f9473164,a2XDn000003qWyn,SBQQ.CustomActionRefFieldGenerator,228.7
06754660-6f61-4caf-b921-06bcb22e8284,a2XDn000003qWyu,SBQQ.BatchableConfigAttrReferencedFieldUtil,228.7
06ab4593-441d-493e-adf6-25183285c0f6,a2XDn000003qWyT,createViewConsumptionScheduleLineAction,228.7
0793c82a-8ce8-4ca3-9f2a-54513b46480a,a2XDn000003qWyq,updateOIsWithAssetsContractsSubs,228.7
08fa38a0-4599-4d9f-8172-373a1e037c95,a2XDn000003qWyZ,createAddRecommendedProductsAction,228.7
08fe09ae-bee1-4bc3-947c-e69fb08c352a,a2XDn000003qWyo,SBQQ.ProductRefFieldGenerator,228.7
09340a59-6cc5-4808-b230-9bfff149dc1f,a2XDn000003qWyi,CalculatorReferencedFieldRemover,228.7
12fcddbe-a4eb-4b6e-9ee6-c69d937e8df9,a2XDn000003qWyr,SBQQ.SummaryVarRefFieldGenerator,228.7
31ddd4e4-eae9-45aa-8376-f3bb497a316e,a2XDn000003qWym,SBQQ.PriceRuleRefFieldGenerator,228.7
4552e3cc-a2ee-4f23-8c13-75c15f3e1b5f,a2XDn000003qWye,SBQQ.InstallProcessorBatchRequiredByAsset,228.7
4b0c5371-4be1-4057-ba0a-3c3a1cc3c178,a2XDn000003qWyX,createConfiguratorEditRulesAction,228.7
5cfc6359-b91a-4e65-8a07-238acaf03bde,a2XDn000003qWyx,SBQQ.RootIdSetterChildAssets,228.7
65ac3e13-68fa-4533-b613-a4149aa85111,a2XDn000003qWyp,SBQQ.RootIdSetterParentSubscriptions,228.7
6ba20da4-2d2e-47ee-8de6-9d876f35d822,a2XDn000003qWyv,SBQQ.RootIdSetterParentAssets,228.7
7a8906e9-9f04-48e3-9faa-3860f1c7cd43,a2XDn000003qWyf,SBQQ.ReferencedFieldRemover,228.7
7c1efa20-a3b9-4a3b-ae2e-2ab61af2a8c8,a2XDn000003qWyh,SBQQ.InstallProcessorBatchAssetCombineKey,228.7
8bbda747-f82a-4c1c-86f3-8c3de1e6552e,a2XDn000003qWyg,SBQQ.InstallProcessorBatchLocalizationIndex,228.7
8c922125-9a5c-4ecb-b6f6-7a6d89b9ff18,a2XDn000003qWyb,SBQQ.InstallProcessorBatchQuantityEditable,228.7
8cfc61ba-efc9-443c-958d-33c392e2644e,a2XDn000003qWyd,SBQQ.InstallProcessorBatchQLIPriceBookEntry,228.7
94083d7f-e859-4f64-b605-ab3208a5e705,a2XDn000003qWyV,createAmendSubscriptionsCustomQleAction,228.7
a0fd7070-0b91-455e-96e1-153a143079b9,a2XDn000003qWyt,SBQQ.InstallProcessorBatchHasCS,228.7
ab1d645a-dd22-4d03-8bcd-76520e807044,a2XDn000003qWyk,SBQQ.InstallProcessorBatchThemeGenerator,228.7
aec35518-014f-460f-bad1-0baf768028cf,a2XDn000003qWyj,SBQQ.BatchableDSExclusionGenerator,228.7
b7c125b4-8ea9-4142-b368-c7c2caaeb793,a2XDn000003qWyl,SBQQ.DiscountScheduleRefFieldGenerator,228.7
c37d824d-5987-4f8c-b428-3f6820303487,a2XDn000003qWya,SBQQ.InstallProcessorBatchRegularPrice,228.7
c51aaf8d-b452-4693-8dca-e8ce65126e2b,a2XDn000003qWyS,createCustomActionsOnQLE,228.7
cb770fbc-ca9d-44f3-9b7d-d7b2e24d148a,a2XDn000003qWyW,viewPricingGuidanceLineAction,228.7
df2e11c0-4f37-46c4-9f17-5bddffc619cf,a2XDn000003qWys,SBQQ.ProductRuleRefFieldGenerator,228.7
e0890ef6-591b-4b11-a5a0-0640eb0c5ee4,a2XDn000003qWyY,enableFlagToPreventBackdatedAmendments,228.7
e5db3e56-b206-4a97-af2e-94e65fd892e7,a2XDn000003qWyU,createExternalConfiguratorCustomAction,228.7
f49c64fd-91d2-4601-a8d2-c2dd67ce4ed4,a2XDn000003qWyc,SBQQ.BatchablePluginTranspileUtil,228.7
ffb13fd0-203e-400f-b8f5-4b388fa6f44c,a2XDn000003qWyw,SBQQ.RootIdSetterChildSubscriptions,228.7
